{
  "avg_pd_today": 0.6716079552620839,
  "el_total_today": 220996.91112728073,
  "max_psi_today": 0.0,
  "trailing_avg_pd": 0.6716079552620839,
  "trailing_avg_el": 220996.91112728073,
  "trailing_mean_psi": 0.0,
  "trailing_max_psi": 0.0,
  "delta_el_vs_7d": 0.0,
  "delta_pd_vs_7d": 0.0
}