feature,psi
pd,13.815488532149551
PD,13.815488532149551
EL,13.815488532149551
EAD,0.0
vintage_year,0.0
LGD,
