grade,state,vintage_year,borrowers,total_EAD,avg_PD,total_EL
A,MS,2022,1,10000.0,0.7093806204607123,3192.212792073205
A,OK,2019,1,8000.0,0.6886062676294299,2478.9825634659474
A,PA,2020,1,5000.0,0.2259704242377429,508.43345453492157
A,WA,2007,1,18000.0,0.632775257097084,5125.479582486381
B,LA,2023,1,500000.0,0.8487925308973514,190978.31945190407
C,CO,2012,1,45000.0,0.9241226312501832,18713.48328281621
